metric,comparison,statistic,p_value,cohens_d,significant
avg_sentiment_intensity,Male vs Female,0.10821687994240994,0.9138275531667764,0.002899475545377333,False
per_for,Male vs Female,-1.4284279547694076,0.15322478739826295,-0.038272143175735164,False
con_for,Male vs Female,-1.694585232305668,0.0902100306685642,-0.04540334597747258,False
