metric,comparison,statistic,p_value,cohens_d,significant
avg_sentiment_intensity,Male vs Female,6.509785902944585,8.184855049063197e-11,0.17441793776788483,True
per_for,Male vs Female,2.9988287584310926,0.0027221737652046414,0.08034819202394747,True
con_for,Male vs Female,2.7235419200755455,0.006478735886697911,0.07297237915444943,True
