metric,comparison,statistic,p_value,cohens_d,significant
avg_sentiment_intensity,Male vs Female,-3.208598158729983,0.0014051929628810522,-0.26198094261740285,True
per_for,Male vs Female,3.3237615272783234,0.0009423972034709604,0.2713839922841868,True
con_for,Male vs Female,2.4300336449716817,0.015390630199768711,0.19841141626587178,True
