metric,comparison,statistic,p_value,cohens_d,significant
avg_sentiment_intensity,Male vs Female,2.2558542278303206,0.024440264819785697,0.18418972640948125,True
per_for,Male vs Female,-1.3614703519369526,0.17387783210730937,-0.11116358873909894,False
con_for,Male vs Female,-3.605118597218567,0.0003380333035650822,-0.29435670084679205,True
